id,title,first_name,last_name,email,amount_spent_on_dog_food,dog_size,dog_male,dog_age
1,Mrs,Frasquito,Dene,fdene0@dell.com,80.05,1,TRUE,53
2,Ms,Lawrence,Kardos,lkardos1@diigo.com,66.3,4,TRUE,2
3,Rev,Lanna,Wintersgill,lwintersgill2@domainmarket.com,25.84,3,FALSE,71
4,Rev,Richmound,Kimmitt,rkimmitt3@jiathis.com,50.76,2,TRUE,9
5,Rev,Valeda,Dallender,vdallender4@theglobeandmail.com,83.41,4,FALSE,23
6,Hon,Duky,Cavell,dcavell5@seesaa.net,80.18,4,TRUE,74
7,Rev,Neal,Gabbetis,ngabbetis6@admin.ch,98.59,3,TRUE,46
8,Ms,Farrel,Swindin,fswindin7@printfriendly.com,64.2,1,TRUE,84
9,Dr,Latrena,Heinsh,lheinsh8@i2i.jp,7.44,4,FALSE,69
10,Mrs,Josh,Daunay,jdaunay9@mysql.com,55.84,2,TRUE,24
11,Mr,Gabbie,Caldeyroux,gcaldeyrouxa@ca.gov,30.25,3,FALSE,60
12,Dr,Krystle,Fincke,kfinckeb@usatoday.com,58.37,4,FALSE,43
13,Dr,Agosto,Bewshaw,abewshawc@oaic.gov.au,45.7,4,TRUE,49
14,Ms,Regina,Sinson,rsinsond@stanford.edu,98.51,3,FALSE,50
15,Dr,Nefen,Boch,nboche@webnode.com,62.45,3,TRUE,82
16,Dr,Conn,Duffrie,cduffrief@arizona.edu,27.78,3,TRUE,19
17,NA,Karoly,Buxcy,kbuxcyg@howstuffworks.com,68,4,FALSE,11
18,Ms,Wilow,Tremayle,wtremayleh@timesonline.co.uk,52.88,3,FALSE,55
19,Ms,Brooks,Marde,bmardei@smugmug.com,58.36,0,TRUE,94
20,Mrs,Harrietta,Libbie,hlibbiej@house.gov,21.72,2,FALSE,11
21,Mrs,Ephrayim,Misson,NA,86.15,4,TRUE,79
22,Dr,Cecilius,Dimock,cdimockl@symantec.com,44.67,4,TRUE,57
23,Mr,Abbe,Curle,acurlem@marketwatch.com,35,4,FALSE,11
24,Rev,Bald,Hars,bharsn@upenn.edu,NA,3,TRUE,68
25,NA,Jay,Buckle,jbuckleo@archive.org,44.71,1,TRUE,61
26,Ms,Malachi,Carillo,mcarillop@army.mil,19.96,4,TRUE,29
27,Hon,Caldwell,Shawcross,cshawcrossq@icq.com,97.59,0,TRUE,97
28,Dr,Russell,Grewer,rgrewerr@bloglines.com,36.97,1,TRUE,20
29,Ms,Wait,Morsley,wmorsleys@goo.ne.jp,20.2,4,TRUE,82
30,Mr,Mellicent,Larking,mlarkingt@engadget.com,80.75,4,FALSE,6
31,Dr,Martin,Nairy,mnairyu@biglobe.ne.jp,93.12,4,TRUE,95
32,Mr,Sergei,Roseaman,sroseamanv@facebook.com,17.59,4,TRUE,86
33,Mrs,Jock,Doonican,jdoonicanw@oaic.gov.au,40.47,0,TRUE,48
34,NA,Tera,Bresson,tbressonx@reddit.com,93.53,4,FALSE,15
35,Dr,Cobby,Massard,cmassardy@berkeley.edu,11.15,4,TRUE,41
36,Dr,Gale,Ollerhad,gollerhadz@walmart.com,7,0,TRUE,83
37,NA,Duffy,Heatley,dheatley10@independent.co.uk,91.42,4,TRUE,93
38,Rev,Inness,Mauvin,imauvin11@g.co,98.81,4,TRUE,12
39,NA,Lorna,Ebbitt,lebbitt12@t.co,23.03,4,FALSE,50
40,Rev,Basilius,Hall,bhall13@cisco.com,68.98,4,TRUE,51
41,NA,Q,Dundendale,qdundendale14@naver.com,6.78,2,FALSE,19
42,Mr,Maximo,De Hailes,mdehailes15@hao123.com,66.04,3,TRUE,28
43,Rev,Linzy,Brigham,lbrigham16@51.la,50.86,3,FALSE,40
44,Dr,Sayers,Brodeau,sbrodeau17@foxnews.com,43.13,4,TRUE,58
45,Mr,Neile,Kesper,nkesper18@blogs.com,NA,0,FALSE,41
46,Hon,Brucie,Hallyburton,bhallyburton19@sakura.ne.jp,86.85,1,TRUE,18
47,Dr,Sharron,Spradbery,sspradbery1a@de.vu,22.26,0,FALSE,97
48,NA,Benedetto,Sabie,bsabie1b@theguardian.com,46.71,4,TRUE,93
49,Hon,Ricki,Haithwaite,rhaithwaite1c@ebay.com,53.35,NA,TRUE,92
50,Rev,Raynell,Alker,ralker1d@forbes.com,13.42,4,FALSE,81
51,Hon,Jedidiah,Basnett,jbasnett1e@unc.edu,40.24,4,TRUE,9
52,Ms,Talya,Brenston,tbrenston1f@sogou.com,99.55,2,FALSE,45
53,NA,Jarrad,Rogerot,jrogerot1g@51.la,40.25,4,TRUE,86
54,Dr,Pavel,Danter,pdanter1h@purevolume.com,66.63,4,TRUE,3
55,Mr,Peggi,McRill,pmcrill1i@instagram.com,93.79,0,FALSE,16
56,Rev,Tabby,Balk,tbalk1j@123-reg.co.uk,82.74,2,FALSE,85
57,Mr,Mathew,Thexton,mthexton1k@etsy.com,33.23,4,FALSE,86
58,Mrs,Tom,Dunrige,tdunrige1l@examiner.com,NA,0,TRUE,21
59,Mr,Noreen,Cousins,ncousins1m@posterous.com,96.87,2,FALSE,30
60,NA,Penni,Fray,pfray1n@slate.com,43.07,4,FALSE,2
61,Ms,Marvin,Buxy,mbuxy1o@eventbrite.com,7.83,1,TRUE,56
62,Mr,Engelbert,Sturge,esturge1p@mashable.com,16.65,4,TRUE,94
63,Rev,Mata,Georg,mgeorg1q@shareasale.com,69.33,3,TRUE,98
64,Ms,Wendeline,Stockings,wstockings1r@marketwatch.com,66.72,4,FALSE,40
65,Dr,Des,McConway,dmcconway1s@techcrunch.com,98.14,0,TRUE,23
66,Mrs,Val,Groveham,vgroveham1t@craigslist.org,60.61,2,TRUE,18
67,Dr,Jeremy,Lydiard,jlydiard1u@biblegateway.com,60.21,1,TRUE,61
68,Ms,Flor,Gleadle,fgleadle1v@cdc.gov,92.45,0,FALSE,94
69,NA,Dixie,Vineall,dvineall1w@printfriendly.com,98.46,0,FALSE,79
70,Dr,Skyler,Filip,sfilip1x@myspace.com,29.03,4,TRUE,68
71,Mr,Tally,Bazely,tbazely1y@house.gov,97.82,4,FALSE,61
72,Hon,Sib,Syddie,ssyddie1z@reverbnation.com,1.06,1,FALSE,60
73,Rev,Dugald,Dreakin,ddreakin20@histats.com,20.94,4,TRUE,21
74,Ms,Bernette,Crigin,bcrigin21@blogtalkradio.com,66.29,3,FALSE,32
75,Rev,Olive,Casale,ocasale22@mozilla.org,40.22,0,FALSE,7
76,Hon,Miof mela,Joire,mjoire23@mlb.com,48.3,4,FALSE,39
77,Mr,Leanora,Sallowaye,lsallowaye24@51.la,33.25,0,FALSE,57
78,Dr,Odell,Benkin,obenkin25@phpbb.com,33.84,1,TRUE,77
79,Rev,Ker,Leate,kleate26@lulu.com,8.45,1,NA,67
80,Mr,Somerset,Bester,sbester27@stumbleupon.com,83.16,0,TRUE,33
81,Mr,Elmer,Sinden,esinden28@nifty.com,35.3,1,TRUE,19
82,Hon,Clerissa,Meryett,cmeryett29@reuters.com,97.43,2,FALSE,37
83,NA,Manfred,Withull,NA,89.2,0,TRUE,98
84,Dr,Orelia,Clemenzo,oclemenzo2b@baidu.com,85.97,2,FALSE,12
85,Hon,Tova,Gilston,tgilston2c@macromedia.com,54.47,1,FALSE,17
86,Rev,Ynez,Embery,yembery2d@merriam-webster.com,9.62,3,FALSE,56
87,Mr,Jewel,Spellward,jspellward2e@webeden.co.uk,86.09,2,FALSE,82
88,Rev,AL,Oland,aoland2f@umich.edu,7.11,4,TRUE,55
89,Mrs,Brendon,Prop,bprop2g@abc.net.au,13.72,4,TRUE,19
90,Mr,Nobie,Mauro,nmauro2h@sbwire.com,83.26,4,TRUE,71
91,Mr,Peterus,Dobney,pdobney2i@com.com,8.46,NA,TRUE,57
92,Rev,Reube,Tandy,rtandy2j@walmart.com,50.32,1,TRUE,69
93,Hon,Randee,Aberchirder,raberchirder2k@parallels.com,20.58,3,FALSE,NA
94,Hon,Marris,Diche,mdiche2l@hatena.ne.jp,67.35,4,FALSE,79
95,Mr,Ollie,Creus,ocreus2m@hc360.com,86.89,4,TRUE,44
96,Dr,Munmro,Lehemann,mlehemann2n@ning.com,36.29,4,TRUE,41
97,Mr,Aggi,Coppen,acoppen2o@hc360.com,1.98,4,FALSE,90
98,Rev,Radcliffe,Kapelhoff,rkapelhoff2p@desdev.cn,90.54,4,TRUE,86
99,Hon,Eloisa,Guterson,eguterson2q@wiley.com,98.35,3,FALSE,36
100,Rev,Athena,Lisciandri,alisciandri2r@msu.edu,98.16,0,FALSE,4
101,Mr,Fredia,Ryves,fryves2s@ovh.net,64.15,0,FALSE,40
102,Ms,Bob,Tollow,btollow2t@dyndns.org,28.05,4,TRUE,79
103,Mrs,Randene,Scholler,rscholler2u@unesco.org,92.69,3,FALSE,20
104,Mr,Anna-maria,Stit,astit2v@unblog.fr,60.36,3,FALSE,91
105,Mr,Leland,Vedishchev,lvedishchev2w@sfgate.com,14.06,4,FALSE,25
106,Mr,Samuel,Norheny,snorheny2x@icio.us,69.84,1,TRUE,24
107,NA,Catriona,Goddard,cgoddard2y@youku.com,24.25,1,FALSE,97
108,Rev,Laurens,Lorie,llorie2z@blog.com,92,4,TRUE,96
109,Mrs,Penny,Ashburner,pashburner30@fastcompany.com,69.98,4,TRUE,31
110,Mrs,Andres,Phuprate,aphuprate31@friendfeed.com,50.03,4,TRUE,28
111,Mrs,Tatum,Jouandet,tjouandet32@constantcontact.com,88.78,1,FALSE,29
112,Dr,Mel,Primak,mprimak33@sitemeter.com,0.83,4,FALSE,54
113,Mr,Bald,Dreghorn,bdreghorn34@1688.com,8.46,3,TRUE,22
114,Mr,Northrop,Gales,ngales35@51.la,78.74,4,TRUE,33
115,Dr,Letta,Spradbrow,lspradbrow36@g.co,NA,0,FALSE,57
116,Ms,Glenine,Rainsdon,grainsdon37@go.com,25.99,2,FALSE,46
117,Mr,Kiri,Durrance,kdurrance38@ifeng.com,85.5,4,NA,35
118,Ms,Allianora,Pittendreigh,apittendreigh39@google.de,22.46,0,FALSE,65
120,Mrs,Anneliese,Andrus,aandrus3b@usa.gov,17.1,4,FALSE,76
121,Ms,Sonny,Nelsey,snelsey3c@nps.gov,10.42,4,TRUE,94
122,Dr,Gerald,Earp,gearp3d@hc360.com,NA,4,TRUE,18
123,Hon,Stephan,Okenden,sokenden3e@businessweek.com,47.14,4,TRUE,26
124,Rev,Eldridge,Ponter,eponter3f@1und1.de,35.8,1,TRUE,66
125,NA,Perice,Gilder,pgilder3g@va.gov,54.74,3,TRUE,42
126,Mrs,Lilllie,Gretham,lgretham3h@amazonaws.com,83.31,4,FALSE,31
127,Ms,Perla,Karpushkin,pkarpushkin3i@google.com,55.04,3,FALSE,99
128,Rev,Toma,Esgate,tesgate3j@soundcloud.com,55.1,1,FALSE,90
129,Hon,Beaufort,Dungay,bdungay3k@devhub.com,69.99,4,TRUE,51
130,Mrs,Drona,Coggen,dcoggen3l@constantcontact.com,5.62,4,FALSE,64
131,Hon,Lelah,Bromley,lbromley3m@admin.ch,37.29,2,FALSE,35
132,Rev,Melissa,Scutching,mscutching3n@indiegogo.com,15.76,0,FALSE,96
133,Ms,Theresa,Pidgen,tpidgen3o@people.com.cn,16.03,3,NA,60
134,Dr,Tiebold,Siggin,tsiggin3p@dagondesign.com,99.77,4,TRUE,76
135,Mrs,Marinna,Brogiotti,mbrogiotti3q@163.com,17.71,1,FALSE,30
136,Dr,Tobit,Paradis,tparadis3r@icq.com,25.42,3,TRUE,16
137,Dr,Cori,Petrashov,cpetrashov3s@msu.edu,80.48,3,TRUE,56
138,Mrs,Allard,Jobbins,ajobbins3t@bing.com,55.92,2,NA,7
139,Hon,Aarika,Wennington,awennington3u@harvard.edu,73.27,1,FALSE,16
140,Rev,Fairfax,Wagon,fwagon3v@usa.gov,99.64,4,TRUE,97
141,NA,Kareem,Ibbison,kibbison3w@facebook.com,34.03,3,TRUE,91
142,NA,Jaye,Aberkirdo,jaberkirdo3x@icq.com,36.39,4,TRUE,70
143,Dr,Enoch,Hug,ehug3y@house.gov,NA,4,NA,59
144,Hon,Anatole,Meritt,ameritt3z@dyndns.org,92.73,1,TRUE,5
145,Mrs,Craig,Poli,cpoli40@vinaora.com,65.03,4,TRUE,40
146,Dr,Mariska,Sleeny,msleeny41@posterous.com,78.06,4,FALSE,53
147,NA,Dillon,Nitto,dnitto42@tripod.com,78.78,4,TRUE,64
148,Mr,Crystie,Scrange,cscrange43@t.co,16.55,2,FALSE,51
149,Ms,Clyde,Caldecott,ccaldecott44@amazonaws.com,9.17,4,TRUE,58
150,Mrs,Archy,Ondracek,aondracek45@pen.io,85.58,NA,TRUE,2
151,NA,Tobit,Kelby,tkelby46@boston.com,61.34,NA,TRUE,54
152,Hon,Chan,Lossman,clossman47@archive.org,6.96,2,TRUE,54
153,Hon,Lawrence,Clemont,lclemont48@edublogs.org,57.6,4,TRUE,5
154,NA,Darryl,Marple,dmarple49@blog.com,79.11,1,FALSE,33
155,Ms,Rubina,Pridie,rpridie4a@slashdot.org,21.32,4,FALSE,5
156,Mr,Monty,Budleigh,mbudleigh4b@deviantart.com,72.86,4,NA,74
157,Rev,Raina,Kemmett,rkemmett4c@walmart.com,25.2,3,FALSE,49
158,Mr,Willdon,Wehnerr,wwehnerr4d@washington.edu,91.66,1,TRUE,81
159,NA,Dolli,Coffee,dcoffee4e@zimbio.com,NA,1,FALSE,73
160,Hon,Marjy,Linklet,mlinklet4f@wordpress.comm,97.69,4,FALSE,27
161,Ms,Sayre,Khoter,skhoter4g@nasa.gov,NA,0,TRUE,48
162,Mrs,Dael,Rotherham,drotherham4h@live.com,69.28,4,FALSE,14
163,Mrs,Sydney,Collman,scollman4i@instagram.com,NA,NA,FALSE,65
164,Ms,Ilysa,Einchcombe,ieinchcombe4j@mysql.com,58.7,NA,FALSE,13
165,NA,Myca,Holtaway,NA,40.09,2,TRUE,20
166,Dr,Evanne,Proughten,eproughten4l@wiley.com,12.28,4,FALSE,50
167,Rev,Gaylor,Colam,gcolam4m@noaa.gov,NA,2,TRUE,32
168,Mr,Wenonah,Quinlan,wquinlan4n@amazon.co.jp,90.33,3,FALSE,69
169,NA,Garrett,Maddams,gmaddams4o@twitter.com,16.29,4,TRUE,37
170,Hon,Lori,Rasper,lrasper4p@wunderground.comm,62.96,2,FALSE,38
171,Mr,Midge,McCurrie,mmccurrie4q@illinois.edu,NA,0,FALSE,24
172,Ms,C-J,Bulle,cbulle4r@weebly.com,69.09,1,FALSE,40
173,Ms,Lyndsay,Szreter,lszreter4s@discovery.com,99.76,4,FALSE,18
175,Rev,Malachi,Jane,mjane4u@yelp.com,8.82,4,TRUE,71
176,Rev,Rodina,Carrack,rcarrack4v@utexas.edu,16.29,4,FALSE,82
177,Ms,Mitch,Bonnick,mbonnick4w@cafepress.com,62.62,4,TRUE,3
178,NA,Cyrille,Redmile,credmile4x@github.com,49.26,4,TRUE,29
179,Mr,Roselia,Bosnell,rbosnell4y@bloglines.com,41.11,1,FALSE,3
180,Mrs,Laughton,Kingsmill,lkingsmill4z@slideshare.net,20,1,TRUE,5
181,Mr,Aubrette,Yglesia,ayglesia50@vinaora.com,18.94,4,FALSE,99
182,Rev,Ethelda,Belverstone,ebelverstone51@scribd.com,46.09,2,FALSE,95
183,Dr,Haily,Lockart,hlockart52@com.com,26.8,0,FALSE,44
184,Ms,Nicolis,Sieb,nsieb53@constantcontact.com,43.57,2,TRUE,38
185,Hon,Stefanie,Winks,swinks54@multiply.com,NA,1,FALSE,18
186,Hon,Bobbe,Clemitt,bclemitt55@pinterest.com,NA,2,FALSE,83
187,Hon,Atalanta,McGloughlin,amcgloughlin56@soundcloud.com,16.72,4,FALSE,27
188,Hon,Serene,Perfili,sperfili57@cyberchimps.com,54,2,FALSE,38
189,Hon,Daniela,Matushevich,dmatushevich58@opera.com,NA,0,FALSE,45
190,Dr,Doug,Kee,dkee59@ebay.com,77.08,0,TRUE,71
191,Ms,Forster,Flahive,fflahive5a@archive.org,10.1,2,TRUE,12
192,Ms,Charmain,Sandercroft,csandercroft5b@myspace.com,19.36,0,FALSE,90
193,Hon,Lonnie,Crawley,lcrawley5c@storify.com,54.45,4,TRUE,66
194,Rev,Briana,Huttley,bhuttley5d@ning.com,59.3,1,FALSE,41
195,Mrs,Jamima,Lisciardelli,jlisciardelli5e@blog.com,31.44,0,FALSE,29
196,Rev,Cassondra,Gresswell,cgresswell5f@ucsd.edu,36.32,4,FALSE,32
197,Mr,Tildie,Cary,tcary5g@ask.com,NA,1,FALSE,16
198,Hon,Rudd,Kendal,rkendal5h@storify.com,91.45,4,TRUE,43
199,Mr,Abeu,Kirkbride,akirkbride5i@is.gd,10.02,4,TRUE,10
200,Ms,Cirillo,Langsdon,clangsdon5j@indiegogo.com,41.31,0,TRUE,75
201,Ms,Audrie,Hindes,ahindes5k@tuttocitta.it,48,4,FALSE,85
202,Dr,Garald,Dudson,gdudson5l@aol.com,18.99,2,TRUE,16
203,Hon,Flore,Sikora,fsikora5m@businessweek.com,4.19,1,FALSE,42
204,Dr,Thadeus,Starbeck,tstarbeck5n@lulu.com,64.99,3,TRUE,86
205,Mrs,Reine,Janata,rjanata5o@woothemes.com,28.16,1,FALSE,57
206,Mr,Hazel,Gypps,hgypps5p@youtu.be,33.18,0,TRUE,30
207,Dr,Corette,Geaney,cgeaney5q@bloomberg.comm,63.6,2,FALSE,14
208,Hon,Huberto,Fforde,NA,36.93,1,NA,26
209,Mrs,Jerri,Burgane,jburgane5s@alibaba.com,45.43,2,TRUE,39
210,Hon,Waldon,Kirman,wkirman5t@theguardian.com,69.97,1,TRUE,49
211,Mr,Yank,Pears,ypears5u@istockphoto.com,85.36,4,TRUE,22
212,Mr,Alessandro,Winder,awinder5v@woothemes.com,28.43,4,TRUE,53
213,Mrs,Radcliffe,Shillinglaw,rshillinglaw5w@altervista.org,60.02,1,TRUE,14
214,Mr,Ray,Dron,rdron5x@flickr.com,45.9,4,TRUE,70
215,Mrs,Derrek,Cunde,dcunde5y@ucoz.ru,29.3,4,TRUE,100
216,Mr,Lyndsey,Aleveque,laleveque5z@gravatar.com,44.3,1,FALSE,80
217,Ms,Hector,Bett,hbett60@qq.com,76.54,4,TRUE,98
218,Mr,Bertha,Swetland,bswetland61@histats.com,13.31,2,FALSE,65
219,Rev,Vere,Leddie,vleddie62@mediafire.com,99.91,0,FALSE,43
220,Dr,Moe,Pristnor,mpristnor63@mashable.com,36,4,TRUE,49
221,Dr,Lilia,Fellini,lfellini64@dell.com,97.8,4,FALSE,66
222,Mr,Hillary,Fisbey,hfisbey65@marketwatch.com,67.24,1,FALSE,52
223,Mrs,Nona,Macconachy,nmacconachy66@icio.us,NA,4,FALSE,94
224,Rev,Cris,Peschmann,cpeschmann67@meetup.com,70.81,1,FALSE,44
225,Ms,Sandy,Emson,semson68@mac.com,69.41,4,FALSE,23
226,Dr,Saree,Oddie,soddie69@zimbio.com,95.79,4,NA,2
227,Mrs,Palm,Filyaev,pfilyaev6a@cdbaby.com,21.36,1,TRUE,56
228,Hon,Munmro,Van der Brug,mvanderbrug6b@apple.com,19.11,3,TRUE,91
229,Rev,Job,Benettini,jbenettini6c@vimeo.com,87.69,4,TRUE,1
230,Rev,Grant,Baile,gbaile6d@google.ru,36.13,4,TRUE,63
231,Rev,Nissy,Buret,nburet6e@a8.net,51.1,1,FALSE,41
232,Ms,Alisa,Kilbee,akilbee6f@businessweek.com,50.67,4,FALSE,85
233,Dr,Nolie,Radoux,nradoux6g@slate.com,21.89,4,FALSE,28
234,NA,Corbet,Munkley,cmunkley6h@51.la,77.07,1,TRUE,97
235,Rev,Mireielle,Hrinchishin,mhrinchishin6i@auda.org.au,91.75,4,FALSE,58
236,Hon,Selestina,Readhead,sreadhead6j@scribd.com,3.97,2,FALSE,41
237,Ms,Penelope,Stubbs,pstubbs6k@businesswire.com,75.9,2,FALSE,9
238,NA,Amalie,Hamber,ahamber6l@foxnews.com,8.8,2,FALSE,94
239,Hon,Loy,Haugeh,lhaugeh6m@google.ru,28.63,4,TRUE,56
240,Mr,Bonnee,Spraberry,bspraberry6n@paginegialle.it,81.85,1,FALSE,43
241,Mr,Julina,Whitemarsh,jwhitemarsh6o@indiegogo.com,19.81,3,FALSE,39
242,NA,Benn,McGee,bmcgee6p@yahoo.co.jp,71.81,4,TRUE,98
243,Mrs,Nealson,Beere,nbeere6q@state.tx.us,91.92,4,TRUE,76
244,NA,Daven,Hulbert,dhulbert6r@ft.com,39.51,2,TRUE,6
245,NA,Madeline,Trotter,mtrotter6s@github.com,82.82,1,NA,17
246,Ms,Corine,Ubanks,cubanks6t@arizona.edu,42.42,4,FALSE,58
247,Hon,Ermanno,O'Heffernan,eoheffernan6u@liveinternet.ru,14.93,4,TRUE,76
248,Hon,Lock,Vickerstaff,lvickerstaff6v@freewebs.com,NA,3,TRUE,17
249,Mr,Winslow,Rembrandt,wrembrandt6w@va.gov,93.26,3,TRUE,50
250,Dr,Trevar,Galway,tgalway6x@elpais.com,94.02,4,TRUE,100
251,Mrs,Rivkah,Carter,rcarter6y@answers.com,46.12,3,FALSE,94
252,Mrs,Forester,Tulk,ftulk6z@dmoz.org,61.58,3,TRUE,11
253,Mrs,Sarine,Ferenczi,sferenczi70@angelfire.com,23.26,4,FALSE,30
254,Ms,Gianni,Adaway,gadaway71@vk.com,57.11,4,TRUE,11
255,Dr,James,Ulyatt,julyatt72@qq.com,52.77,4,TRUE,79
256,Mr,Robby,Jacklings,rjacklings73@symantec.com,68.49,0,TRUE,79
257,Hon,Gabe,Segges,gsegges74@wufoo.com,49.27,4,TRUE,19
258,NA,Curry,Clackson,cclackson75@europa.eu,51.55,1,TRUE,93
259,Rev,Emmery,Po,epo76@ibm.com,21.03,4,TRUE,45
260,Mr,Lian,Lelliott,llelliott77@nasa.gov,72.19,1,FALSE,41
261,Mrs,Ross,Cockshutt,rcockshutt78@aol.comm,33.89,4,TRUE,7
262,Mr,Yank,Driffill,ydriffill79@yellowpages.com,43.62,3,TRUE,45
263,Rev,Robbin,Antwis,rantwis7a@hhs.gov,3.91,4,FALSE,19
264,Mr,Gale,Bech,gbech7b@home.pl,54.72,4,FALSE,98
265,Mr,Dulsea,Normavell,dnormavell7c@nationalgeographic.com,85.14,3,FALSE,48
266,Ms,Idelle,Dudman,idudman7d@youku.com,84.84,4,FALSE,14
267,NA,Viole,Maggorini,vmaggorini7e@bloomberg.com,89.24,0,NA,47
268,Dr,Ingmar,Lamminam,ilamminam7f@phpbb.com,33.3,4,TRUE,60
269,Rev,Devland,Carefull,dcarefull7g@shareasale.commmm,67.45,4,TRUE,37
270,Dr,Ford,Growcock,fgrowcock7h@histats.com,22.35,1,TRUE,80
271,Mrs,Dona,Barby,dbarby7i@plala.or.jp,13.13,3,FALSE,79
272,Hon,Gusty,Ezzle,gezzle7j@wikimedia.org,27.54,4,FALSE,34
273,Mrs,Marrilee,Berens,mberens7k@meetup.com,74.72,3,FALSE,2
274,Hon,Michelina,Fellis,mfellis7l@slideshare.net,98.04,1,NA,65
275,Ms,Tabor,Henniger,thenniger7m@chicagotribune.com,40.4,3,TRUE,35
276,Ms,Henryetta,Charte,hcharte7n@webeden.co.uk,97.25,4,FALSE,2
277,Rev,Henka,Trace,htrace7o@guardian.co.uk,57.98,2,FALSE,44
278,Dr,Letitia,Chomicz,lchomicz7p@sciencedirect.com,68.3,2,FALSE,72
279,Rev,Millicent,Minucci,mminucci7q@google.fr,2.82,1,FALSE,20
280,Ms,Beryle,Rudgley,brudgley7r@trellian.com,35.49,2,FALSE,18
281,Hon,Andie,Nisard,anisard7s@pagesperso-orange.fr,9.31,2,TRUE,38
282,Mrs,Elvira,Beardshall,ebeardshall7t@intel.com,16.29,4,FALSE,49
283,Mrs,Hadlee,O'Regan,horegan7u@phoca.cz,50.07,3,TRUE,23
284,Rev,Corina,Seabrook,cseabrook7v@cnbc.com,NA,4,FALSE,60
285,Mrs,Rozanna,Chitham,rchitham7w@google.com,4.58,3,FALSE,18
286,Hon,Harli,Cusack,hcusack7x@biglobe.ne.jp,89.56,4,FALSE,34
287,Mr,Yevette,Swalwel,yswalwel7y@deliciousdays.com,45.49,4,FALSE,60
288,Ms,Roslyn,Brosh,rbrosh7z@example.com,46.95,1,FALSE,28
289,Rev,Tallulah,Lees,tlees80@spotify.com,25.32,4,FALSE,40
290,Rev,Lishe,Hampshire,lhampshire81@studiopress.com,40,4,FALSE,66
291,Ms,Jorie,Stoate,jstoate82@nba.com,5.29,0,FALSE,61
292,Mr,Blondelle,Klaus,bklaus83@usgs.gov,67.83,2,FALSE,99
293,NA,Aubert,Merryfield,amerryfield84@seesaa.net,69.39,3,TRUE,49
294,Mrs,Elwood,Burfoot,eburfoot85@illinois.edu,37.97,3,TRUE,62
295,Hon,Felizio,Chatwin,fchatwin86@clickbank.net,48.94,2,TRUE,29
296,Ms,Blake,Pryce,bpryce87@nasa.gov,71.83,4,FALSE,94
297,Mrs,Damita,Fogden,dfogden88@fema.gov,94.69,3,FALSE,20
298,Hon,Vladamir,Aynscombe,vaynscombe89@guardian.co.uk,0.12,4,TRUE,55
299,Mr,Coralie,Gossington,cgossington8a@tumblr.com,82.34,4,FALSE,42
300,Mrs,Francoise,Corain,fcorain8b@apache.org,49.36,1,NA,79
